Job Title,Location,Experience,Date Posted,Job Type,Skills,Application Link
Senior Software Testing Engineer,,,,,,https://wuzzuf.net/jobs/p/tfi2c35rk8do-senior-software-testing-engineer-nahdet-misr-publishing-group-giza-egypt
Software QA Engineer,,,,,,https://wuzzuf.net/jobs/p/w7cjun587gup-software-qa-engineer-iken-technology-cairo-egypt
Software Architect Engineer,,,,,,https://wuzzuf.net/jobs/p/i0ewjtqdxjmb-software-architect-engineer-nahdet-misr-publishing-group-giza-egypt
Software Engineer Instructor,,,,,,https://wuzzuf.net/jobs/p/xfsp9hjzsqox-software-engineer-instructor-pyramakerz-cairo-egypt
Software Engineer,,,,,,https://wuzzuf.net/jobs/p/jdleiv5w9lij-software-engineer-masria-digital-payment-mdp-cairo-egypt
Software Engineer,,,,,,https://wuzzuf.net/jobs/p/pu7gywc3m31k-software-engineer-glc-paints-cairo-egypt
Software Engineer,,,,,,https://wuzzuf.net/jobs/p/tyn8ftlbyfyx-software-engineer-arabian-data-cairo-egypt
Senior Software Quality Assurance (QA) Engineer,,,,,,https://wuzzuf.net/jobs/p/qcujm1zfxnby-senior-software-quality-assurance-qa-engineer-exab-cairo-egypt
Software Quality Engineer,,,,,,https://wuzzuf.net/jobs/p/ioufuqvechna-software-quality-engineer-lavaloon-cairo-egypt
Senior Software Testing Engineer,,,,,,https://wuzzuf.net/jobs/p/xcjx33onekhu-senior-software-testing-engineer-bevatel-giza-egypt
Senior Software Engineer,,,,,,https://wuzzuf.net/jobs/p/ozw84xgvvluk-senior-software-engineer-chubb-life-insurance-cairo-egypt
Software Engineer,,,,,,https://wuzzuf.net/jobs/p/1hryqwqwufa5-software-engineer-code-sa-cambridge-united-kingdom
Software Engineer,,,,,,https://wuzzuf.net/jobs/p/3sixhqzszmm3-software-engineer-nodens-health-cairo-egypt
Software Quality Assurance Engineer,,,,,,https://wuzzuf.net/jobs/p/ngkg9ql0vgxd-software-quality-assurance-engineer-istqservers-cairo-egypt
Senior Software Engineer,,,,,,https://wuzzuf.net/jobs/p/qr7drsbemmgf-senior-software-engineer-iden2-san-francisco-united-states
Senior Software Engineer (PHP Expert),,,,,,https://wuzzuf.net/jobs/p/ixit1efhmwlm-senior-software-engineer-php-expert-zeidex-cairo-egypt
Senior Software Technical Support Engineer,,,,,,https://wuzzuf.net/jobs/p/cbqjfrmn8rdt-senior-software-technical-support-engineer-get-group-egypt-cairo-egypt
Software Engineer (AI & Data Analytics),,,,,,https://wuzzuf.net/jobs/p/hllsrabdljox-software-engineer-ai-data-analytics-cairo-egypt
Senior Software Tester,,,,,,https://wuzzuf.net/jobs/p/zmvtbujifhrt-senior-software-tester-tafeel-cairo-egypt
Automation Software Quality Control Engineer,,,,,,https://wuzzuf.net/jobs/p/ajatuo96zhjz-automation-software-quality-control-engineer-giza-egypt
Software Technical Team Leader,,,,,,https://wuzzuf.net/jobs/p/myyspclz6fom-software-technical-team-leader-softec-technologies-cairo-egypt
Software Engineer,,,,,,https://wuzzuf.net/jobs/p/2d2x9ldoatv1-software-engineer-shebak-giza-egypt
Software Testing Engineer,,,,,,https://wuzzuf.net/jobs/p/ml8cyisbr5o7-software-testing-engineer-realme-cairo-egypt
Software Tester/ Web Application QA Engineer (Remote),,,,,,https://wuzzuf.net/jobs/p/c3722h24iuhq-software-tester-web-application-qa-engineer-remote-ibrokerage-ltd-cairo-egypt
Structural Design Engineer,,,,,,https://wuzzuf.net/jobs/p/mi2eru5b0acg-structural-design-engineer-rigid-engineering-consultants-cairo-egypt
Electromechanical Project Engineer,,,,,,https://wuzzuf.net/jobs/p/1szmjjaqy7ve-electromechanical-project-engineer-eagle-chemicals-giza-egypt
Project Coordinator Engineer,,,,,,https://wuzzuf.net/jobs/p/kty5m8t0dzbu-project-coordinator-engineer-union-sharqia-egypt
Software Quality Control Engineer- Healthcare Industry,,,,,,https://wuzzuf.net/jobs/p/lemw4pu317xr-software-quality-control-engineer-healthcare-industry-dynamicslink-cairo-egypt
Product & Manufacturing Engineer,,,,,,https://wuzzuf.net/jobs/p/zxecgtgar0nt-product-manufacturing-engineer-fasalha-cairo-egypt
